Profile,Endpoint,Hostname,Time,RequestCountTotal,RequestCountHttpStatus2xx,RequestCountHttpStatus3xx,RequestCountHttpStatus4xx,RequestCountHttpStatus5xx,RequestCountHttpStatusOthers,RequestCountHttpStatus200,RequestCountHttpStatus206,RequestCountHttpStatus302,RequestCountHttpStatus304,RequestCountHttpStatus404,RequestCountCacheHit,RequestCountCacheMiss,RequestCountCacheNoCache,RequestCountCacheUncacheable,RequestCountCacheOthers,EgressTotal,EgressHttpStatus2xx,EgressHttpStatus3xx,EgressHttpStatus4xx,EgressHttpStatus5xx,EgressHttpStatusOthers,EgressCacheHit,EgressCacheMiss,EgressCacheNoCache,EgressCacheUncacheable,EgressCacheOthers
TESTTESTTEST,TEST9962016,test9962016.azureedge.net,4/7/2017 1:00:00 AM,61,58,0,3,0,0,,,,,,56,5,0,0,0,0.07,0.07,0,0,0,0,0.06,0,0,0,0
TESTTESTTEST,TEST9962016,test9962016.azureedge.net,4/7/2017 2:00:00 AM,108,108,0,0,0,0,,,,,,108,0,0,0,0,0.12,0.12,0,0,0,0,0.12,0,0,0,0
TESTTESTTEST,TEST9962016,test9962016.azureedge.net,4/7/2017 3:00:00 AM,81,81,0,0,0,0,,,,,,81,0,0,0,0,0.09,0.09,0,0,0,0,0.09,0,0,0,0
TESTTESTTEST,TEST9962016,test9962016.azureedge.net,4/7/2017 4:00:00 AM,27,27,0,0,0,0,,,,,,27,0,0,0,0,0.03,0.03,0,0,0,0,0.03,0,0,0,0
TESTTESTTEST,TEST9962016,test9962016.azureedge.net,4/7/2017 5:00:00 AM,50,50,0,0,0,0,,,,,,50,0,0,0,0,0.06,0.06,0,0,0,0,0.06,0,0,0,0
TESTTESTTEST,TEST9962016,test9962016.azureedge.net,4/7/2017 6:00:00 AM,50,50,0,0,0,0,,,,,,50,0,0,0,0,0.06,0.06,0,0,0,0,0.06,0,0,0,0
TESTTESTTEST,TEST9962016,test9962016.azureedge.net,4/7/2017 7:00:00 AM,75,75,0,0,0,0,,,,,,73,2,0,0,0,0.09,0.09,0,0,0,0,0.08,0,0,0,0
TESTTESTTEST,TEST9962016,test9962016.azureedge.net,4/7/2017 8:00:00 AM,71,71,0,0,0,0,,,,,,71,0,0,0,0,0.08,0.08,0,0,0,0,0.08,0,0,0,0
TESTTESTTEST,TEST9962016,test9962016.azureedge.net,4/7/2017 9:00:00 AM,101,101,0,0,0,0,,,,,,101,0,0,0,0,0.12,0.12,0,0,0,0,0.12,0,0,0,0
TESTTESTTEST,TEST9962016,test9962016.azureedge.net,4/7/2017 10:00:00 AM,100,100,0,0,0,0,,,,,,100,0,0,0,0,0.12,0.12,0,0,0,0,0.12,0,0,0,0
TESTTESTTEST,TEST9962016,test9962016.azureedge.net,4/7/2017 11:00:00 AM,84,84,0,0,0,0,,,,,,84,0,0,0,0,0.1,0.1,0,0,0,0,0.1,0,0,0,0
TESTTESTTEST,TEST9962016,test9962016.azureedge.net,4/7/2017 12:00:00 PM,99,99,0,0,0,0,,,,,,99,0,0,0,0,0.11,0.11,0,0,0,0,0.11,0,0,0,0
TESTTESTTEST,TEST9962016,test9962016.azureedge.net,4/7/2017 1:00:00 PM,98,98,0,0,0,0,,,,,,98,0,0,0,0,0.11,0.11,0,0,0,0,0.11,0,0,0,0
TESTTESTTEST,TEST9962016,test9962016.azureedge.net,4/7/2017 2:00:00 PM,93,93,0,0,0,0,,,,,,93,0,0,0,0,0.11,0.11,0,0,0,0,0.11,0,0,0,0
TESTTESTTEST,TEST9962016,test9962016.azureedge.net,4/7/2017 3:00:00 PM,93,93,0,0,0,0,,,,,,93,0,0,0,0,0.11,0.11,0,0,0,0,0.11,0,0,0,0
TESTTESTTEST,TEST9962016,test9962016.azureedge.net,4/7/2017 4:00:00 PM,92,92,0,0,0,0,,,,,,92,0,0,0,0,0.11,0.11,0,0,0,0,0.11,0,0,0,0
TESTTESTTEST,TEST9962016,test9962016.azureedge.net,4/7/2017 5:00:00 PM,80,80,0,0,0,0,,,,,,80,0,0,0,0,0.09,0.09,0,0,0,0,0.09,0,0,0,0
TESTTESTTEST,TEST9962016,test9962016.azureedge.net,4/7/2017 6:00:00 PM,83,83,0,0,0,0,,,,,,83,0,0,0,0,0.1,0.1,0,0,0,0,0.1,0,0,0,0
TESTTESTTEST,TEST9962016,test9962016.azureedge.net,4/7/2017 7:00:00 PM,66,66,0,0,0,0,,,,,,66,0,0,0,0,0.08,0.08,0,0,0,0,0.08,0,0,0,0
TESTTESTTEST,TEST9962016,test9962016.azureedge.net,4/7/2017 8:00:00 PM,79,79,0,0,0,0,,,,,,79,0,0,0,0,0.09,0.09,0,0,0,0,0.09,0,0,0,0
TESTTESTTEST,TEST9962016,test9962016.azureedge.net,4/7/2017 9:00:00 PM,73,73,0,0,0,0,,,,,,73,0,0,0,0,0.08,0.08,0,0,0,0,0.08,0,0,0,0
TESTTESTTEST,TEST9962016,test9962016.azureedge.net,4/7/2017 10:00:00 PM,60,60,0,0,0,0,,,,,,60,0,0,0,0,0.07,0.07,0,0,0,0,0.07,0,0,0,0
TESTTESTTEST,TEST9962016,test9962016.azureedge.net,4/7/2017 11:00:00 PM,63,63,0,0,0,0,,,,,,63,0,0,0,0,0.07,0.07,0,0,0,0,0.07,0,0,0,0
TESTTESTTEST,TEST9962016,test9962016.azureedge.net,4/8/2017 12:00:00 AM,71,71,0,0,0,0,,,,,,71,0,0,0,0,0.08,0.08,0,0,0,0,0.08,0,0,0,0
TESTTESTTEST,TEST9962016,test9962016.azureedge.net,4/8/2017 1:00:00 AM,73,73,0,0,0,0,,,,,,73,0,0,0,0,0.08,0.08,0,0,0,0,0.08,0,0,0,0
TESTTESTTEST,TEST9962016,test9962016.azureedge.net,4/8/2017 2:00:00 AM,69,69,0,0,0,0,,,,,,69,0,0,0,0,0.08,0.08,0,0,0,0,0.08,0,0,0,0
TESTTESTTEST,TEST9962016,test9962016.azureedge.net,4/8/2017 3:00:00 AM,14,14,0,0,0,0,,,,,,14,0,0,0,0,0.02,0.02,0,0,0,0,0.02,0,0,0,0
TESTTESTTEST,TEST9962016,test9962016.azureedge.net,4/8/2017 4:00:00 AM,39,39,0,0,0,0,,,,,,39,0,0,0,0,0.04,0.04,0,0,0,0,0.04,0,0,0,0
TESTTESTTEST,TEST9962016,test9962016.azureedge.net,4/8/2017 5:00:00 AM,39,39,0,0,0,0,,,,,,39,0,0,0,0,0.04,0.04,0,0,0,0,0.04,0,0,0,0
TESTTESTTEST,TEST9962016,test9962016.azureedge.net,4/8/2017 6:00:00 AM,58,58,0,0,0,0,,,,,,58,0,0,0,0,0.07,0.07,0,0,0,0,0.07,0,0,0,0
TESTTESTTEST,TEST9962016,test9962016.azureedge.net,4/8/2017 7:00:00 AM,78,78,0,0,0,0,,,,,,78,0,0,0,0,0.09,0.09,0,0,0,0,0.09,0,0,0,0
TESTTESTTEST,TEST9962016,test9962016.azureedge.net,4/8/2017 8:00:00 AM,78,78,0,0,0,0,,,,,,78,0,0,0,0,0.09,0.09,0,0,0,0,0.09,0,0,0,0
TESTTESTTEST,TEST9962016,test9962016.azureedge.net,4/8/2017 9:00:00 AM,79,79,0,0,0,0,,,,,,79,0,0,0,0,0.09,0.09,0,0,0,0,0.09,0,0,0,0
TESTTESTTEST,TEST9962016,test9962016.azureedge.net,4/8/2017 10:00:00 AM,79,79,0,0,0,0,,,,,,79,0,0,0,0,0.09,0.09,0,0,0,0,0.09,0,0,0,0
TESTTESTTEST,TEST9962016,test9962016.azureedge.net,4/8/2017 11:00:00 AM,79,79,0,0,0,0,,,,,,79,0,0,0,0,0.09,0.09,0,0,0,0,0.09,0,0,0,0
TESTTESTTEST,TEST9962016,test9962016.azureedge.net,4/8/2017 12:00:00 PM,79,79,0,0,0,0,,,,,,79,0,0,0,0,0.09,0.09,0,0,0,0,0.09,0,0,0,0
TESTTESTTEST,TEST9962016,test9962016.azureedge.net,4/8/2017 1:00:00 PM,63,63,0,0,0,0,,,,,,63,0,0,0,0,0.07,0.07,0,0,0,0,0.07,0,0,0,0
TESTTESTTEST,TEST9962016,test9962016.azureedge.net,4/8/2017 2:00:00 PM,80,80,0,0,0,0,,,,,,80,0,0,0,0,0.09,0.09,0,0,0,0,0.09,0,0,0,0
TESTTESTTEST,TEST9962016,test9962016.azureedge.net,4/8/2017 3:00:00 PM,79,79,0,0,0,0,,,,,,79,0,0,0,0,0.09,0.09,0,0,0,0,0.09,0,0,0,0
TESTTESTTEST,TEST9962016,test9962016.azureedge.net,4/8/2017 4:00:00 PM,20,20,0,0,0,0,,,,,,20,0,0,0,0,0.02,0.02,0,0,0,0,0.02,0,0,0,0
TESTTESTTEST,TEST9962016,test9962016.azureedge.net,4/8/2017 5:00:00 PM,80,80,0,0,0,0,,,,,,80,0,0,0,0,0.09,0.09,0,0,0,0,0.09,0,0,0,0
TESTTESTTEST,TEST9962016,test9962016.azureedge.net,4/8/2017 6:00:00 PM,20,20,0,0,0,0,,,,,,20,0,0,0,0,0.02,0.02,0,0,0,0,0.02,0,0,0,0
TESTTESTTEST,TEST9962016,test9962016.azureedge.net,4/8/2017 7:00:00 PM,72,72,0,0,0,0,,,,,,72,0,0,0,0,0.08,0.08,0,0,0,0,0.08,0,0,0,0
TESTTESTTEST,TEST9962016,test9962016.azureedge.net,4/8/2017 8:00:00 PM,20,20,0,0,0,0,,,,,,20,0,0,0,0,0.02,0.02,0,0,0,0,0.02,0,0,0,0
TESTTESTTEST,TEST9962016,test9962016.azureedge.net,4/8/2017 9:00:00 PM,71,71,0,0,0,0,,,,,,71,0,0,0,0,0.08,0.08,0,0,0,0,0.08,0,0,0,0
TESTTESTTEST,TEST9962016,test9962016.azureedge.net,4/8/2017 10:00:00 PM,79,79,0,0,0,0,,,,,,79,0,0,0,0,0.09,0.09,0,0,0,0,0.09,0,0,0,0
TESTTESTTEST,TEST9962016,test9962016.azureedge.net,4/8/2017 11:00:00 PM,69,69,0,0,0,0,,,,,,69,0,0,0,0,0.08,0.08,0,0,0,0,0.08,0,0,0,0
TESTTESTTEST,TEST9962016,test9962016.azureedge.net,4/9/2017 12:00:00 AM,75,75,0,0,0,0,,,,,,75,0,0,0,0,0.09,0.09,0,0,0,0,0.09,0,0,0,0
TESTTESTTEST,TEST9962016,test9962016.azureedge.net,4/9/2017 1:00:00 AM,70,70,0,0,0,0,,,,,,70,0,0,0,0,0.08,0.08,0,0,0,0,0.08,0,0,0,0
TESTTESTTEST,TEST9962016,test9962016.azureedge.net,4/9/2017 2:00:00 AM,71,71,0,0,0,0,,,,,,71,0,0,0,0,0.08,0.08,0,0,0,0,0.08,0,0,0,0
TESTTESTTEST,TEST9962016,test9962016.azureedge.net,4/9/2017 3:00:00 AM,76,76,0,0,0,0,,,,,,76,0,0,0,0,0.09,0.09,0,0,0,0,0.09,0,0,0,0
TESTTESTTEST,TEST9962016,test9962016.azureedge.net,4/9/2017 4:00:00 AM,27,27,0,0,0,0,,,,,,27,0,0,0,0,0.03,0.03,0,0,0,0,0.03,0,0,0,0
TESTTESTTEST,TEST9962016,test9962016.azureedge.net,4/9/2017 5:00:00 AM,41,41,0,0,0,0,,,,,,41,0,0,0,0,0.05,0.05,0,0,0,0,0.05,0,0,0,0
TESTTESTTEST,TEST9962016,test9962016.azureedge.net,4/9/2017 6:00:00 AM,59,59,0,0,0,0,,,,,,59,0,0,0,0,0.07,0.07,0,0,0,0,0.07,0,0,0,0
TESTTESTTEST,TEST9962016,test9962016.azureedge.net,4/9/2017 7:00:00 AM,78,78,0,0,0,0,,,,,,78,0,0,0,0,0.09,0.09,0,0,0,0,0.09,0,0,0,0
TESTTESTTEST,TEST9962016,test9962016.azureedge.net,4/9/2017 8:00:00 AM,79,79,0,0,0,0,,,,,,79,0,0,0,0,0.09,0.09,0,0,0,0,0.09,0,0,0,0
TESTTESTTEST,TEST9962016,test9962016.azureedge.net,4/9/2017 9:00:00 AM,80,80,0,0,0,0,,,,,,80,0,0,0,0,0.09,0.09,0,0,0,0,0.09,0,0,0,0
TESTTESTTEST,TEST9962016,test9962016.azureedge.net,4/9/2017 10:00:00 AM,69,69,0,0,0,0,,,,,,69,0,0,0,0,0.08,0.08,0,0,0,0,0.08,0,0,0,0
TESTTESTTEST,TEST9962016,test9962016.azureedge.net,4/9/2017 11:00:00 AM,73,73,0,0,0,0,,,,,,73,0,0,0,0,0.08,0.08,0,0,0,0,0.08,0,0,0,0
TESTTESTTEST,TEST9962016,test9962016.azureedge.net,4/9/2017 12:00:00 PM,80,80,0,0,0,0,,,,,,80,0,0,0,0,0.09,0.09,0,0,0,0,0.09,0,0,0,0
TESTTESTTEST,TEST9962016,test9962016.azureedge.net,4/9/2017 1:00:00 PM,73,73,0,0,0,0,,,,,,73,0,0,0,0,0.08,0.08,0,0,0,0,0.08,0,0,0,0
TESTTESTTEST,TEST9962016,test9962016.azureedge.net,4/9/2017 2:00:00 PM,74,74,0,0,0,0,,,,,,74,0,0,0,0,0.08,0.08,0,0,0,0,0.08,0,0,0,0
TESTTESTTEST,TEST9962016,test9962016.azureedge.net,4/9/2017 3:00:00 PM,80,80,0,0,0,0,,,,,,80,0,0,0,0,0.09,0.09,0,0,0,0,0.09,0,0,0,0
TESTTESTTEST,TEST9962016,test9962016.azureedge.net,4/9/2017 4:00:00 PM,72,72,0,0,0,0,,,,,,72,0,0,0,0,0.08,0.08,0,0,0,0,0.08,0,0,0,0
TESTTESTTEST,TEST9962016,test9962016.azureedge.net,4/9/2017 5:00:00 PM,80,80,0,0,0,0,,,,,,80,0,0,0,0,0.09,0.09,0,0,0,0,0.09,0,0,0,0
TESTTESTTEST,TEST9962016,test9962016.azureedge.net,4/9/2017 6:00:00 PM,80,80,0,0,0,0,,,,,,80,0,0,0,0,0.09,0.09,0,0,0,0,0.09,0,0,0,0
TESTTESTTEST,TEST9962016,test9962016.azureedge.net,4/9/2017 7:00:00 PM,80,80,0,0,0,0,,,,,,80,0,0,0,0,0.09,0.09,0,0,0,0,0.09,0,0,0,0
TESTTESTTEST,TEST9962016,test9962016.azureedge.net,4/9/2017 8:00:00 PM,80,80,0,0,0,0,,,,,,80,0,0,0,0,0.09,0.09,0,0,0,0,0.09,0,0,0,0
TESTTESTTEST,TEST9962016,test9962016.azureedge.net,4/9/2017 9:00:00 PM,81,81,0,0,0,0,,,,,,81,0,0,0,0,0.09,0.09,0,0,0,0,0.09,0,0,0,0
TESTTESTTEST,TEST9962016,test9962016.azureedge.net,4/9/2017 10:00:00 PM,80,80,0,0,0,0,,,,,,80,0,0,0,0,0.09,0.09,0,0,0,0,0.09,0,0,0,0
TESTTESTTEST,TEST9962016,test9962016.azureedge.net,4/9/2017 11:00:00 PM,80,80,0,0,0,0,,,,,,80,0,0,0,0,0.09,0.09,0,0,0,0,0.09,0,0,0,0
TESTTESTTEST,TEST9962016,test9962016.azureedge.net,4/10/2017 12:00:00 AM,80,80,0,0,0,0,,,,,,80,0,0,0,0,0.09,0.09,0,0,0,0,0.09,0,0,0,0
TESTTESTTEST,TEST9962016,test9962016.azureedge.net,4/10/2017 1:00:00 AM,80,80,0,0,0,0,,,,,,80,0,0,0,0,0.09,0.09,0,0,0,0,0.09,0,0,0,0
TESTTESTTEST,TEST9962016,test9962016.azureedge.net,4/10/2017 2:00:00 AM,60,60,0,0,0,0,,,,,,60,0,0,0,0,0.07,0.07,0,0,0,0,0.07,0,0,0,0
TESTTESTTEST,TEST9962016,test9962016.azureedge.net,4/10/2017 3:00:00 AM,80,80,0,0,0,0,,,,,,80,0,0,0,0,0.09,0.09,0,0,0,0,0.09,0,0,0,0
TESTTESTTEST,TEST9962016,test9962016.azureedge.net,4/10/2017 4:00:00 AM,20,20,0,0,0,0,,,,,,20,0,0,0,0,0.02,0.02,0,0,0,0,0.02,0,0,0,0
TESTTESTTEST,TEST9962016,test9962016.azureedge.net,4/10/2017 5:00:00 AM,40,40,0,0,0,0,,,,,,40,0,0,0,0,0.05,0.05,0,0,0,0,0.05,0,0,0,0
TESTTESTTEST,TEST9962016,test9962016.azureedge.net,4/10/2017 6:00:00 AM,40,40,0,0,0,0,,,,,,40,0,0,0,0,0.05,0.05,0,0,0,0,0.05,0,0,0,0
TESTTESTTEST,TEST9962016,test9962016.azureedge.net,4/10/2017 7:00:00 AM,59,59,0,0,0,0,,,,,,59,0,0,0,0,0.07,0.07,0,0,0,0,0.07,0,0,0,0
TESTTESTTEST,TEST9962016,test9962016.azureedge.net,4/10/2017 8:00:00 AM,81,81,0,0,0,0,,,,,,81,0,0,0,0,0.09,0.09,0,0,0,0,0.09,0,0,0,0
TESTTESTTEST,TEST9962016,test9962016.azureedge.net,4/10/2017 9:00:00 AM,77,77,0,0,0,0,,,,,,77,0,0,0,0,0.09,0.09,0,0,0,0,0.09,0,0,0,0
TESTTESTTEST,TEST9962016,test9962016.azureedge.net,4/10/2017 10:00:00 AM,81,81,0,0,0,0,,,,,,81,0,0,0,0,0.09,0.09,0,0,0,0,0.09,0,0,0,0
TESTTESTTEST,TEST9962016,test9962016.azureedge.net,4/10/2017 11:00:00 AM,80,80,0,0,0,0,,,,,,80,0,0,0,0,0.09,0.09,0,0,0,0,0.09,0,0,0,0
TESTTESTTEST,TEST9962016,test9962016.azureedge.net,4/10/2017 12:00:00 PM,80,80,0,0,0,0,,,,,,80,0,0,0,0,0.09,0.09,0,0,0,0,0.09,0,0,0,0
TESTTESTTEST,TEST9962016,test9962016.azureedge.net,4/10/2017 1:00:00 PM,81,81,0,0,0,0,,,,,,81,0,0,0,0,0.09,0.09,0,0,0,0,0.09,0,0,0,0
TESTTESTTEST,TEST9962016,test9962016.azureedge.net,4/10/2017 2:00:00 PM,81,81,0,0,0,0,,,,,,81,0,0,0,0,0.09,0.09,0,0,0,0,0.09,0,0,0,0
TESTTESTTEST,TEST9962016,test9962016.azureedge.net,4/10/2017 3:00:00 PM,80,80,0,0,0,0,,,,,,80,0,0,0,0,0.09,0.09,0,0,0,0,0.09,0,0,0,0
TESTTESTTEST,TEST9962016,test9962016.azureedge.net,4/10/2017 4:00:00 PM,80,80,0,0,0,0,,,,,,80,0,0,0,0,0.09,0.09,0,0,0,0,0.09,0,0,0,0
TESTTESTTEST,TEST9962016,test9962016.azureedge.net,4/10/2017 5:00:00 PM,80,80,0,0,0,0,,,,,,80,0,0,0,0,0.09,0.09,0,0,0,0,0.09,0,0,0,0
TESTTESTTEST,TEST9962016,test9962016.azureedge.net,4/10/2017 6:00:00 PM,79,79,0,0,0,0,,,,,,79,0,0,0,0,0.09,0.09,0,0,0,0,0.09,0,0,0,0
TESTTESTTEST,TEST9962016,test9962016.azureedge.net,4/10/2017 7:00:00 PM,79,79,0,0,0,0,,,,,,79,0,0,0,0,0.09,0.09,0,0,0,0,0.09,0,0,0,0
TESTTESTTEST,TEST9962016,test9962016.azureedge.net,4/10/2017 8:00:00 PM,79,79,0,0,0,0,,,,,,79,0,0,0,0,0.09,0.09,0,0,0,0,0.09,0,0,0,0
TESTTESTTEST,TEST9962016,test9962016.azureedge.net,4/10/2017 9:00:00 PM,12,12,0,0,0,0,,,,,,12,0,0,0,0,0.01,0.01,0,0,0,0,0.01,0,0,0,0
TESTTESTTEST,TEST9962016,test9962016.azureedge.net,4/12/2017 6:00:00 PM,24,24,0,0,0,0,,,,,,23,1,0,0,0,0.03,0.03,0,0,0,0,0.03,0,0,0,0
TESTTESTTEST,TEST9962016,test9962016.azureedge.net,4/12/2017 7:00:00 PM,79,79,0,0,0,0,,,,,,79,0,0,0,0,0.09,0.09,0,0,0,0,0.09,0,0,0,0
TESTTESTTEST,TEST9962016,test9962016.azureedge.net,4/12/2017 8:00:00 PM,71,71,0,0,0,0,,,,,,71,0,0,0,0,0.08,0.08,0,0,0,0,0.08,0,0,0,0
TESTTESTTEST,TEST9962016,test9962016.azureedge.net,4/12/2017 9:00:00 PM,67,67,0,0,0,0,,,,,,67,0,0,0,0,0.08,0.08,0,0,0,0,0.08,0,0,0,0
TESTTESTTEST,TEST9962016,test9962016.azureedge.net,4/12/2017 10:00:00 PM,69,69,0,0,0,0,,,,,,69,0,0,0,0,0.08,0.08,0,0,0,0,0.08,0,0,0,0
TESTTESTTEST,TEST9962016,test9962016.azureedge.net,4/12/2017 11:00:00 PM,69,69,0,0,0,0,,,,,,69,0,0,0,0,0.08,0.08,0,0,0,0,0.08,0,0,0,0
TESTTESTTEST,TEST9962016,test9962016.azureedge.net,4/13/2017 12:00:00 AM,69,69,0,0,0,0,,,,,,69,0,0,0,0,0.08,0.08,0,0,0,0,0.08,0,0,0,0
TESTTESTTEST,TEST9962016,test9962016.azureedge.net,4/13/2017 1:00:00 AM,73,73,0,0,0,0,,,,,,73,0,0,0,0,0.08,0.08,0,0,0,0,0.08,0,0,0,0
TESTTESTTEST,TEST9962016,test9962016.azureedge.net,4/13/2017 2:00:00 AM,72,72,0,0,0,0,,,,,,72,0,0,0,0,0.08,0.08,0,0,0,0,0.08,0,0,0,0
TESTTESTTEST,TEST9962016,test9962016.azureedge.net,4/13/2017 6:00:00 AM,1,1,0,0,0,0,,,,,,1,0,0,0,0,0,0,0,0,0,0,0,0,0,0,0
TESTTESTTEST,TEST9962016,test9962016.azureedge.net,4/13/2017 7:00:00 AM,67,67,0,0,0,0,,,,,,67,0,0,0,0,0.08,0.08,0,0,0,0,0.08,0,0,0,0
TESTTESTTEST,TEST9962016,test9962016.azureedge.net,4/13/2017 8:00:00 AM,50,50,0,0,0,0,,,,,,50,0,0,0,0,0.06,0.06,0,0,0,0,0.06,0,0,0,0
TESTTESTTEST,TEST9962016,test9962016.azureedge.net,4/13/2017 9:00:00 AM,67,67,0,0,0,0,,,,,,67,0,0,0,0,0.08,0.08,0,0,0,0,0.08,0,0,0,0
TESTTESTTEST,TEST9962016,test9962016.azureedge.net,4/13/2017 10:00:00 AM,67,67,0,0,0,0,,,,,,67,0,0,0,0,0.08,0.08,0,0,0,0,0.08,0,0,0,0
TESTTESTTEST,TEST9962016,test9962016.azureedge.net,4/13/2017 11:00:00 AM,67,67,0,0,0,0,,,,,,67,0,0,0,0,0.08,0.08,0,0,0,0,0.08,0,0,0,0
TESTTESTTEST,TEST9962016,test9962016.azureedge.net,4/13/2017 12:00:00 PM,68,68,0,0,0,0,,,,,,68,0,0,0,0,0.08,0.08,0,0,0,0,0.08,0,0,0,0
TESTTESTTEST,TEST9962016,test9962016.azureedge.net,4/13/2017 1:00:00 PM,50,50,0,0,0,0,,,,,,50,0,0,0,0,0.06,0.06,0,0,0,0,0.06,0,0,0,0
TESTTESTTEST,TEST9962016,test9962016.azureedge.net,4/13/2017 2:00:00 PM,68,68,0,0,0,0,,,,,,68,0,0,0,0,0.08,0.08,0,0,0,0,0.08,0,0,0,0
TESTTESTTEST,TEST9962016,test9962016.azureedge.net,4/13/2017 3:00:00 PM,50,50,0,0,0,0,,,,,,50,0,0,0,0,0.06,0.06,0,0,0,0,0.06,0,0,0,0
TESTTESTTEST,TEST9962016,test9962016.azureedge.net,4/13/2017 4:00:00 PM,68,68,0,0,0,0,,,,,,68,0,0,0,0,0.08,0.08,0,0,0,0,0.08,0,0,0,0
TESTTESTTEST,TEST9962016,test9962016.azureedge.net,4/13/2017 5:00:00 PM,67,67,0,0,0,0,,,,,,67,0,0,0,0,0.08,0.08,0,0,0,0,0.08,0,0,0,0
TESTTESTTEST,TEST9962016,test9962016.azureedge.net,4/13/2017 6:00:00 PM,17,17,0,0,0,0,,,,,,17,0,0,0,0,0.02,0.02,0,0,0,0,0.02,0,0,0,0
TESTTESTTEST,TEST9962016,test9962016.azureedge.net,4/13/2017 7:00:00 PM,69,69,0,0,0,0,,,,,,69,0,0,0,0,0.08,0.08,0,0,0,0,0.08,0,0,0,0
TESTTESTTEST,TEST9962016,test9962016.azureedge.net,4/13/2017 8:00:00 PM,69,69,0,0,0,0,,,,,,69,0,0,0,0,0.08,0.08,0,0,0,0,0.08,0,0,0,0
TESTTESTTEST,TEST9962016,test9962016.azureedge.net,4/13/2017 9:00:00 PM,68,68,0,0,0,0,,,,,,68,0,0,0,0,0.08,0.08,0,0,0,0,0.08,0,0,0,0
TESTTESTTEST,TEST9962016,test9962016.azureedge.net,4/13/2017 10:00:00 PM,69,69,0,0,0,0,,,,,,69,0,0,0,0,0.08,0.08,0,0,0,0,0.08,0,0,0,0
TESTTESTTEST,TEST9962016,test9962016.azureedge.net,4/13/2017 11:00:00 PM,67,67,0,0,0,0,,,,,,67,0,0,0,0,0.08,0.08,0,0,0,0,0.08,0,0,0,0
TESTTESTTEST,TEST9962016,test9962016.azureedge.net,4/14/2017 12:00:00 AM,69,69,0,0,0,0,,,,,,69,0,0,0,0,0.08,0.08,0,0,0,0,0.08,0,0,0,0
TESTTESTTEST,TEST9962016,test9962016.azureedge.net,4/14/2017 1:00:00 AM,70,70,0,0,0,0,,,,,,70,0,0,0,0,0.08,0.08,0,0,0,0,0.08,0,0,0,0
TESTTESTTEST,TEST9962016,test9962016.azureedge.net,4/14/2017 2:00:00 AM,18,18,0,0,0,0,,,,,,18,0,0,0,0,0.02,0.02,0,0,0,0,0.02,0,0,0,0
TESTTESTTEST,TEST9962016,test9962016.azureedge.net,4/14/2017 3:00:00 AM,53,53,0,0,0,0,,,,,,53,0,0,0,0,0.06,0.06,0,0,0,0,0.06,0,0,0,0
TESTTESTTEST,TEST9962016,test9962016.azureedge.net,4/14/2017 4:00:00 AM,35,35,0,0,0,0,,,,,,35,0,0,0,0,0.04,0.04,0,0,0,0,0.04,0,0,0,0
TESTTESTTEST,TEST9962016,test9962016.azureedge.net,4/14/2017 5:00:00 AM,49,49,0,0,0,0,,,,,,49,0,0,0,0,0.06,0.06,0,0,0,0,0.06,0,0,0,0
TESTTESTTEST,TEST9962016,test9962016.azureedge.net,4/14/2017 6:00:00 AM,51,51,0,0,0,0,,,,,,51,0,0,0,0,0.06,0.06,0,0,0,0,0.06,0,0,0,0
TESTTESTTEST,TEST9962016,test9962016.azureedge.net,4/14/2017 7:00:00 AM,52,52,0,0,0,0,,,,,,52,0,0,0,0,0.06,0.06,0,0,0,0,0.06,0,0,0,0
TESTTESTTEST,TEST9962016,test9962016.azureedge.net,4/14/2017 8:00:00 AM,70,70,0,0,0,0,,,,,,70,0,0,0,0,0.08,0.08,0,0,0,0,0.08,0,0,0,0
TESTTESTTEST,TEST9962016,test9962016.azureedge.net,4/14/2017 9:00:00 AM,69,69,0,0,0,0,,,,,,69,0,0,0,0,0.08,0.08,0,0,0,0,0.08,0,0,0,0
TESTTESTTEST,TEST9962016,test9962016.azureedge.net,4/14/2017 10:00:00 AM,69,69,0,0,0,0,,,,,,69,0,0,0,0,0.08,0.08,0,0,0,0,0.08,0,0,0,0
TESTTESTTEST,TEST9962016,test9962016.azureedge.net,4/14/2017 11:00:00 AM,70,70,0,0,0,0,,,,,,70,0,0,0,0,0.08,0.08,0,0,0,0,0.08,0,0,0,0
TESTTESTTEST,TEST9962016,test9962016.azureedge.net,4/14/2017 12:00:00 PM,69,69,0,0,0,0,,,,,,69,0,0,0,0,0.08,0.08,0,0,0,0,0.08,0,0,0,0
TESTTESTTEST,TEST9962016,test9962016.azureedge.net,4/14/2017 1:00:00 PM,70,70,0,0,0,0,,,,,,70,0,0,0,0,0.08,0.08,0,0,0,0,0.08,0,0,0,0
TESTTESTTEST,TEST9962016,test9962016.azureedge.net,4/14/2017 2:00:00 PM,70,70,0,0,0,0,,,,,,70,0,0,0,0,0.08,0.08,0,0,0,0,0.08,0,0,0,0
TESTTESTTEST,TEST9962016,test9962016.azureedge.net,4/14/2017 3:00:00 PM,70,70,0,0,0,0,,,,,,70,0,0,0,0,0.08,0.08,0,0,0,0,0.08,0,0,0,0
TESTTESTTEST,TEST9962016,test9962016.azureedge.net,4/14/2017 4:00:00 PM,71,71,0,0,0,0,,,,,,71,0,0,0,0,0.08,0.08,0,0,0,0,0.08,0,0,0,0
TESTTESTTEST,TEST9962016,test9962016.azureedge.net,4/14/2017 5:00:00 PM,52,52,0,0,0,0,,,,,,52,0,0,0,0,0.06,0.06,0,0,0,0,0.06,0,0,0,0
TESTTESTTEST,TEST9962016,test9962016.azureedge.net,4/14/2017 6:00:00 PM,70,70,0,0,0,0,,,,,,70,0,0,0,0,0.08,0.08,0,0,0,0,0.08,0,0,0,0
TESTTESTTEST,TEST9962016,test9962016.azureedge.net,4/14/2017 7:00:00 PM,69,69,0,0,0,0,,,,,,69,0,0,0,0,0.08,0.08,0,0,0,0,0.08,0,0,0,0
TESTTESTTEST,TEST9962016,test9962016.azureedge.net,4/14/2017 8:00:00 PM,69,69,0,0,0,0,,,,,,69,0,0,0,0,0.08,0.08,0,0,0,0,0.08,0,0,0,0
TESTTESTTEST,TEST9962016,test9962016.azureedge.net,4/14/2017 9:00:00 PM,69,69,0,0,0,0,,,,,,69,0,0,0,0,0.08,0.08,0,0,0,0,0.08,0,0,0,0
TESTTESTTEST,TEST9962016,test9962016.azureedge.net,4/14/2017 10:00:00 PM,69,69,0,0,0,0,,,,,,69,0,0,0,0,0.08,0.08,0,0,0,0,0.08,0,0,0,0
TESTTESTTEST,TEST9962016,test9962016.azureedge.net,4/14/2017 11:00:00 PM,35,35,0,0,0,0,,,,,,35,0,0,0,0,0.04,0.04,0,0,0,0,0.04,0,0,0,0
TESTTESTTEST,TEST9962016,test9962016.azureedge.net,4/15/2017 12:00:00 AM,69,69,0,0,0,0,,,,,,69,0,0,0,0,0.08,0.08,0,0,0,0,0.08,0,0,0,0
TESTTESTTEST,TEST9962016,test9962016.azureedge.net,4/15/2017 1:00:00 AM,68,68,0,0,0,0,,,,,,68,0,0,0,0,0.08,0.08,0,0,0,0,0.08,0,0,0,0
TESTTESTTEST,TEST9962016,test9962016.azureedge.net,4/15/2017 2:00:00 AM,68,68,0,0,0,0,,,,,,68,0,0,0,0,0.08,0.08,0,0,0,0,0.08,0,0,0,0
TESTTESTTEST,TEST9962016,test9962016.azureedge.net,4/15/2017 3:00:00 AM,50,50,0,0,0,0,,,,,,50,0,0,0,0,0.06,0.06,0,0,0,0,0.06,0,0,0,0
TESTTESTTEST,TEST9962016,test9962016.azureedge.net,4/15/2017 4:00:00 AM,30,30,0,0,0,0,,,,,,30,0,0,0,0,0.03,0.03,0,0,0,0,0.03,0,0,0,0
TESTTESTTEST,TEST9962016,test9962016.azureedge.net,4/15/2017 5:00:00 AM,30,30,0,0,0,0,,,,,,30,0,0,0,0,0.03,0.03,0,0,0,0,0.03,0,0,0,0
TESTTESTTEST,TEST9962016,test9962016.azureedge.net,4/15/2017 6:00:00 AM,52,52,0,0,0,0,,,,,,52,0,0,0,0,0.06,0.06,0,0,0,0,0.06,0,0,0,0
TESTTESTTEST,TEST9962016,test9962016.azureedge.net,4/15/2017 7:00:00 AM,69,69,0,0,0,0,,,,,,69,0,0,0,0,0.08,0.08,0,0,0,0,0.08,0,0,0,0
TESTTESTTEST,TEST9962016,test9962016.azureedge.net,4/15/2017 8:00:00 AM,68,68,0,0,0,0,,,,,,68,0,0,0,0,0.08,0.08,0,0,0,0,0.08,0,0,0,0
TESTTESTTEST,TEST9962016,test9962016.azureedge.net,4/15/2017 9:00:00 AM,70,70,0,0,0,0,,,,,,70,0,0,0,0,0.08,0.08,0,0,0,0,0.08,0,0,0,0
TESTTESTTEST,TEST9962016,test9962016.azureedge.net,4/15/2017 10:00:00 AM,69,69,0,0,0,0,,,,,,69,0,0,0,0,0.08,0.08,0,0,0,0,0.08,0,0,0,0
TESTTESTTEST,TEST9962016,test9962016.azureedge.net,4/15/2017 11:00:00 AM,70,70,0,0,0,0,,,,,,70,0,0,0,0,0.08,0.08,0,0,0,0,0.08,0,0,0,0
TESTTESTTEST,TEST9962016,test9962016.azureedge.net,4/15/2017 12:00:00 PM,69,69,0,0,0,0,,,,,,69,0,0,0,0,0.08,0.08,0,0,0,0,0.08,0,0,0,0
TESTTESTTEST,TEST9962016,test9962016.azureedge.net,4/15/2017 1:00:00 PM,70,70,0,0,0,0,,,,,,70,0,0,0,0,0.08,0.08,0,0,0,0,0.08,0,0,0,0
TESTTESTTEST,TEST9962016,test9962016.azureedge.net,4/15/2017 2:00:00 PM,69,69,0,0,0,0,,,,,,69,0,0,0,0,0.08,0.08,0,0,0,0,0.08,0,0,0,0
TESTTESTTEST,TEST9962016,test9962016.azureedge.net,4/15/2017 3:00:00 PM,70,70,0,0,0,0,,,,,,70,0,0,0,0,0.08,0.08,0,0,0,0,0.08,0,0,0,0
TESTTESTTEST,TEST9962016,test9962016.azureedge.net,4/15/2017 4:00:00 PM,69,69,0,0,0,0,,,,,,69,0,0,0,0,0.08,0.08,0,0,0,0,0.08,0,0,0,0
TESTTESTTEST,TEST9962016,test9962016.azureedge.net,4/15/2017 5:00:00 PM,69,69,0,0,0,0,,,,,,69,0,0,0,0,0.08,0.08,0,0,0,0,0.08,0,0,0,0
TESTTESTTEST,TEST9962016,test9962016.azureedge.net,4/15/2017 6:00:00 PM,60,60,0,0,0,0,,,,,,60,0,0,0,0,0.07,0.07,0,0,0,0,0.07,0,0,0,0
TESTTESTTEST,TEST9962016,test9962016.azureedge.net,4/15/2017 7:00:00 PM,62,62,0,0,0,0,,,,,,62,0,0,0,0,0.07,0.07,0,0,0,0,0.07,0,0,0,0
TESTTESTTEST,TEST9962016,test9962016.azureedge.net,4/15/2017 8:00:00 PM,62,62,0,0,0,0,,,,,,62,0,0,0,0,0.07,0.07,0,0,0,0,0.07,0,0,0,0
TESTTESTTEST,TEST9962016,test9962016.azureedge.net,4/15/2017 9:00:00 PM,58,58,0,0,0,0,,,,,,58,0,0,0,0,0.07,0.07,0,0,0,0,0.07,0,0,0,0
TESTTESTTEST,TEST9962016,test9962016.azureedge.net,4/15/2017 10:00:00 PM,63,63,0,0,0,0,,,,,,63,0,0,0,0,0.07,0.07,0,0,0,0,0.07,0,0,0,0
TESTTESTTEST,TEST9962016,test9962016.azureedge.net,4/15/2017 11:00:00 PM,31,31,0,0,0,0,,,,,,31,0,0,0,0,0.04,0.04,0,0,0,0,0.04,0,0,0,0
TESTTESTTEST,TEST9962016,test9962016.azureedge.net,4/16/2017 1:00:00 AM,62,62,0,0,0,0,,,,,,62,0,0,0,0,0.07,0.07,0,0,0,0,0.07,0,0,0,0
TESTTESTTEST,TEST9962016,test9962016.azureedge.net,4/16/2017 2:00:00 AM,36,36,0,0,0,0,,,,,,36,0,0,0,0,0.04,0.04,0,0,0,0,0.04,0,0,0,0
TESTTESTTEST,TEST9962016,test9962016.azureedge.net,4/17/2017 6:00:00 PM,33,33,0,0,0,0,,,,,,33,0,0,0,0,0.04,0.04,0,0,0,0,0.04,0,0,0,0
TESTTESTTEST,TEST9962016,test9962016.azureedge.net,4/17/2017 7:00:00 PM,66,66,0,0,0,0,,,,,,66,0,0,0,0,0.08,0.08,0,0,0,0,0.08,0,0,0,0
TESTTESTTEST,TEST9962016,test9962016.azureedge.net,4/17/2017 8:00:00 PM,17,17,0,0,0,0,,,,,,17,0,0,0,0,0.02,0.02,0,0,0,0,0.02,0,0,0,0
TESTTESTTEST,TEST9962016,test9962016.azureedge.net,4/17/2017 9:00:00 PM,65,65,0,0,0,0,,,,,,65,0,0,0,0,0.08,0.08,0,0,0,0,0.08,0,0,0,0
TESTTESTTEST,TEST9962016,test9962016.azureedge.net,4/17/2017 10:00:00 PM,66,66,0,0,0,0,,,,,,66,0,0,0,0,0.08,0.08,0,0,0,0,0.08,0,0,0,0
TESTTESTTEST,TEST9962016,test9962016.azureedge.net,4/17/2017 11:00:00 PM,66,66,0,0,0,0,,,,,,66,0,0,0,0,0.08,0.08,0,0,0,0,0.08,0,0,0,0
TESTTESTTEST,TEST9962016,test9962016.azureedge.net,4/18/2017 12:00:00 AM,16,16,0,0,0,0,,,,,,16,0,0,0,0,0.02,0.02,0,0,0,0,0.02,0,0,0,0
TESTTESTTEST,TEST9962016,test9962016.azureedge.net,4/18/2017 1:00:00 AM,66,66,0,0,0,0,,,,,,66,0,0,0,0,0.08,0.08,0,0,0,0,0.08,0,0,0,0
TESTTESTTEST,TEST9962016,test9962016.azureedge.net,4/18/2017 2:00:00 AM,67,67,0,0,0,0,,,,,,67,0,0,0,0,0.08,0.08,0,0,0,0,0.08,0,0,0,0
TESTTESTTEST,TEST9962016,test9962016.azureedge.net,4/18/2017 3:00:00 AM,65,65,0,0,0,0,,,,,,65,0,0,0,0,0.08,0.08,0,0,0,0,0.08,0,0,0,0
TESTTESTTEST,TEST9962016,test9962016.azureedge.net,4/18/2017 4:00:00 AM,33,33,0,0,0,0,,,,,,33,0,0,0,0,0.04,0.04,0,0,0,0,0.04,0,0,0,0
TESTTESTTEST,TEST9962016,test9962016.azureedge.net,4/18/2017 5:00:00 AM,50,50,0,0,0,0,,,,,,50,0,0,0,0,0.06,0.06,0,0,0,0,0.06,0,0,0,0
TESTTESTTEST,TEST9962016,test9962016.azureedge.net,4/18/2017 6:00:00 AM,33,33,0,0,0,0,,,,,,33,0,0,0,0,0.04,0.04,0,0,0,0,0.04,0,0,0,0
TESTTESTTEST,TEST9962016,test9962016.azureedge.net,4/18/2017 7:00:00 AM,67,67,0,0,0,0,,,,,,67,0,0,0,0,0.08,0.08,0,0,0,0,0.08,0,0,0,0
TESTTESTTEST,TEST9962016,test9962016.azureedge.net,4/18/2017 8:00:00 AM,66,66,0,0,0,0,,,,,,66,0,0,0,0,0.08,0.08,0,0,0,0,0.08,0,0,0,0
TESTTESTTEST,TEST9962016,test9962016.azureedge.net,4/18/2017 9:00:00 AM,50,50,0,0,0,0,,,,,,50,0,0,0,0,0.06,0.06,0,0,0,0,0.06,0,0,0,0
TESTTESTTEST,TEST9962016,test9962016.azureedge.net,4/18/2017 10:00:00 AM,67,67,0,0,0,0,,,,,,67,0,0,0,0,0.08,0.08,0,0,0,0,0.08,0,0,0,0
TESTTESTTEST,TEST9962016,test9962016.azureedge.net,4/18/2017 12:00:00 PM,67,67,0,0,0,0,,,,,,67,0,0,0,0,0.08,0.08,0,0,0,0,0.08,0,0,0,0
TESTTESTTEST,TEST9962016,test9962016.azureedge.net,4/18/2017 1:00:00 PM,67,67,0,0,0,0,,,,,,67,0,0,0,0,0.08,0.08,0,0,0,0,0.08,0,0,0,0
TESTTESTTEST,TEST9962016,test9962016.azureedge.net,4/18/2017 2:00:00 PM,67,67,0,0,0,0,,,,,,67,0,0,0,0,0.08,0.08,0,0,0,0,0.08,0,0,0,0
TESTTESTTEST,TEST9962016,test9962016.azureedge.net,4/18/2017 3:00:00 PM,67,67,0,0,0,0,,,,,,67,0,0,0,0,0.08,0.08,0,0,0,0,0.08,0,0,0,0
TESTTESTTEST,TEST9962016,test9962016.azureedge.net,4/18/2017 4:00:00 PM,66,66,0,0,0,0,,,,,,66,0,0,0,0,0.08,0.08,0,0,0,0,0.08,0,0,0,0
TESTTESTTEST,TEST9962016,test9962016.azureedge.net,4/18/2017 5:00:00 PM,67,67,0,0,0,0,,,,,,67,0,0,0,0,0.08,0.08,0,0,0,0,0.08,0,0,0,0
TESTTESTTEST,TEST9962016,test9962016.azureedge.net,4/18/2017 6:00:00 PM,66,66,0,0,0,0,,,,,,66,0,0,0,0,0.08,0.08,0,0,0,0,0.08,0,0,0,0
TESTTESTTEST,TEST9962016,test9962016.azureedge.net,4/18/2017 7:00:00 PM,66,66,0,0,0,0,,,,,,66,0,0,0,0,0.08,0.08,0,0,0,0,0.08,0,0,0,0
TESTTESTTEST,TEST9962016,test9962016.azureedge.net,4/18/2017 8:00:00 PM,64,64,0,0,0,0,,,,,,64,0,0,0,0,0.07,0.07,0,0,0,0,0.07,0,0,0,0
TESTTESTTEST,TEST9962016,test9962016.azureedge.net,4/18/2017 9:00:00 PM,66,66,0,0,0,0,,,,,,66,0,0,0,0,0.08,0.08,0,0,0,0,0.08,0,0,0,0
TESTTESTTEST,TEST9962016,test9962016.azureedge.net,4/18/2017 10:00:00 PM,61,61,0,0,0,0,,,,,,61,0,0,0,0,0.07,0.07,0,0,0,0,0.07,0,0,0,0
TESTTESTTEST,TEST9962016,test9962016.azureedge.net,4/18/2017 11:00:00 PM,63,63,0,0,0,0,,,,,,63,0,0,0,0,0.07,0.07,0,0,0,0,0.07,0,0,0,0
TESTTESTTEST,TEST9962016,test9962016.azureedge.net,4/19/2017 12:00:00 AM,67,67,0,0,0,0,,,,,,67,0,0,0,0,0.08,0.08,0,0,0,0,0.08,0,0,0,0
TESTTESTTEST,TEST9962016,test9962016.azureedge.net,4/19/2017 1:00:00 AM,66,66,0,0,0,0,,,,,,66,0,0,0,0,0.08,0.08,0,0,0,0,0.08,0,0,0,0
TESTTESTTEST,TEST9962016,test9962016.azureedge.net,4/19/2017 2:00:00 AM,68,68,0,0,0,0,,,,,,68,0,0,0,0,0.08,0.08,0,0,0,0,0.08,0,0,0,0
TESTTESTTEST,TEST9962016,test9962016.azureedge.net,4/19/2017 3:00:00 AM,17,17,0,0,0,0,,,,,,17,0,0,0,0,0.02,0.02,0,0,0,0,0.02,0,0,0,0
TESTTESTTEST,TEST9962016,test9962016.azureedge.net,4/19/2017 4:00:00 AM,34,34,0,0,0,0,,,,,,34,0,0,0,0,0.04,0.04,0,0,0,0,0.04,0,0,0,0
TESTTESTTEST,TEST9962016,test9962016.azureedge.net,4/19/2017 5:00:00 AM,51,51,0,0,0,0,,,,,,51,0,0,0,0,0.06,0.06,0,0,0,0,0.06,0,0,0,0
TESTTESTTEST,TEST9962016,test9962016.azureedge.net,4/19/2017 6:00:00 AM,50,50,0,0,0,0,,,,,,50,0,0,0,0,0.06,0.06,0,0,0,0,0.06,0,0,0,0
TESTTESTTEST,TEST9962016,test9962016.azureedge.net,4/19/2017 7:00:00 AM,67,67,0,0,0,0,,,,,,67,0,0,0,0,0.08,0.08,0,0,0,0,0.08,0,0,0,0
TESTTESTTEST,TEST9962016,test9962016.azureedge.net,4/19/2017 8:00:00 AM,52,52,0,0,0,0,,,,,,52,0,0,0,0,0.06,0.06,0,0,0,0,0.06,0,0,0,0
TESTTESTTEST,TEST9962016,test9962016.azureedge.net,4/19/2017 9:00:00 AM,65,65,0,0,0,0,,,,,,65,0,0,0,0,0.08,0.08,0,0,0,0,0.08,0,0,0,0
TESTTESTTEST,TEST9962016,test9962016.azureedge.net,4/19/2017 10:00:00 AM,47,47,0,0,0,0,,,,,,47,0,0,0,0,0.05,0.05,0,0,0,0,0.05,0,0,0,0
TESTTESTTEST,TEST9962016,test9962016.azureedge.net,4/19/2017 11:00:00 AM,69,69,0,0,0,0,,,,,,69,0,0,0,0,0.08,0.08,0,0,0,0,0.08,0,0,0,0
TESTTESTTEST,TEST9962016,test9962016.azureedge.net,4/19/2017 12:00:00 PM,69,69,0,0,0,0,,,,,,69,0,0,0,0,0.08,0.08,0,0,0,0,0.08,0,0,0,0
TESTTESTTEST,TEST9962016,test9962016.azureedge.net,4/19/2017 1:00:00 PM,68,68,0,0,0,0,,,,,,68,0,0,0,0,0.08,0.08,0,0,0,0,0.08,0,0,0,0
TESTTESTTEST,TEST9962016,test9962016.azureedge.net,4/19/2017 2:00:00 PM,68,68,0,0,0,0,,,,,,68,0,0,0,0,0.08,0.08,0,0,0,0,0.08,0,0,0,0
TESTTESTTEST,TEST9962016,test9962016.azureedge.net,4/19/2017 3:00:00 PM,69,69,0,0,0,0,,,,,,69,0,0,0,0,0.08,0.08,0,0,0,0,0.08,0,0,0,0
TESTTESTTEST,TEST9962016,test9962016.azureedge.net,4/19/2017 4:00:00 PM,67,67,0,0,0,0,,,,,,67,0,0,0,0,0.08,0.08,0,0,0,0,0.08,0,0,0,0
TESTTESTTEST,TEST9962016,test9962016.azureedge.net,4/19/2017 5:00:00 PM,67,67,0,0,0,0,,,,,,67,0,0,0,0,0.08,0.08,0,0,0,0,0.08,0,0,0,0
TESTTESTTEST,TEST9962016,test9962016.azureedge.net,4/19/2017 6:00:00 PM,67,67,0,0,0,0,,,,,,67,0,0,0,0,0.08,0.08,0,0,0,0,0.08,0,0,0,0
TESTTESTTEST,TEST9962016,test9962016.azureedge.net,4/19/2017 7:00:00 PM,53,53,0,0,0,0,,,,,,53,0,0,0,0,0.06,0.06,0,0,0,0,0.06,0,0,0,0
TESTTESTTEST,TEST9962016,test9962016.azureedge.net,4/19/2017 8:00:00 PM,66,66,0,0,0,0,,,,,,66,0,0,0,0,0.08,0.08,0,0,0,0,0.08,0,0,0,0
TESTTESTTEST,TEST9962016,test9962016.azureedge.net,4/19/2017 9:00:00 PM,67,67,0,0,0,0,,,,,,67,0,0,0,0,0.08,0.08,0,0,0,0,0.08,0,0,0,0
TESTTESTTEST,TEST9962016,test9962016.azureedge.net,4/19/2017 10:00:00 PM,67,67,0,0,0,0,,,,,,67,0,0,0,0,0.08,0.08,0,0,0,0,0.08,0,0,0,0
TESTTESTTEST,TEST9962016,test9962016.azureedge.net,4/19/2017 11:00:00 PM,67,67,0,0,0,0,,,,,,67,0,0,0,0,0.08,0.08,0,0,0,0,0.08,0,0,0,0
TESTTESTTEST,TEST9962016,test9962016.azureedge.net,4/20/2017 12:00:00 AM,64,64,0,0,0,0,,,,,,64,0,0,0,0,0.07,0.07,0,0,0,0,0.07,0,0,0,0
TESTTESTTEST,TEST9962016,test9962016.azureedge.net,4/20/2017 1:00:00 AM,66,66,0,0,0,0,,,,,,66,0,0,0,0,0.08,0.08,0,0,0,0,0.08,0,0,0,0
TESTTESTTEST,TEST9962016,test9962016.azureedge.net,4/20/2017 2:00:00 AM,68,68,0,0,0,0,,,,,,68,0,0,0,0,0.08,0.08,0,0,0,0,0.08,0,0,0,0
TESTTESTTEST,TEST9962016,test9962016.azureedge.net,4/20/2017 3:00:00 AM,34,34,0,0,0,0,,,,,,34,0,0,0,0,0.04,0.04,0,0,0,0,0.04,0,0,0,0
TESTTESTTEST,TEST9962016,test9962016.azureedge.net,4/20/2017 4:00:00 AM,17,17,0,0,0,0,,,,,,17,0,0,0,0,0.02,0.02,0,0,0,0,0.02,0,0,0,0
TESTTESTTEST,TEST9962016,test9962016.azureedge.net,4/20/2017 5:00:00 AM,52,52,0,0,0,0,,,,,,52,0,0,0,0,0.06,0.06,0,0,0,0,0.06,0,0,0,0
TESTTESTTEST,TEST9962016,test9962016.azureedge.net,4/20/2017 6:00:00 AM,33,33,0,0,0,0,,,,,,33,0,0,0,0,0.04,0.04,0,0,0,0,0.04,0,0,0,0
TESTTESTTEST,TEST9962016,test9962016.azureedge.net,4/20/2017 7:00:00 AM,52,52,0,0,0,0,,,,,,52,0,0,0,0,0.06,0.06,0,0,0,0,0.06,0,0,0,0
TESTTESTTEST,TEST9962016,test9962016.azureedge.net,4/20/2017 8:00:00 AM,67,67,0,0,0,0,,,,,,67,0,0,0,0,0.08,0.08,0,0,0,0,0.08,0,0,0,0
TESTTESTTEST,TEST9962016,test9962016.azureedge.net,4/20/2017 9:00:00 AM,69,69,0,0,0,0,,,,,,69,0,0,0,0,0.08,0.08,0,0,0,0,0.08,0,0,0,0
TESTTESTTEST,TEST9962016,test9962016.azureedge.net,4/20/2017 10:00:00 AM,69,69,0,0,0,0,,,,,,69,0,0,0,0,0.08,0.08,0,0,0,0,0.08,0,0,0,0
TESTTESTTEST,TEST9962016,test9962016.azureedge.net,4/20/2017 11:00:00 AM,69,69,0,0,0,0,,,,,,69,0,0,0,0,0.08,0.08,0,0,0,0,0.08,0,0,0,0
TESTTESTTEST,TEST9962016,test9962016.azureedge.net,4/20/2017 12:00:00 PM,69,69,0,0,0,0,,,,,,69,0,0,0,0,0.08,0.08,0,0,0,0,0.08,0,0,0,0
TESTTESTTEST,TEST9962016,test9962016.azureedge.net,4/20/2017 1:00:00 PM,69,69,0,0,0,0,,,,,,69,0,0,0,0,0.08,0.08,0,0,0,0,0.08,0,0,0,0
TESTTESTTEST,TEST9962016,test9962016.azureedge.net,4/20/2017 2:00:00 PM,68,68,0,0,0,0,,,,,,68,0,0,0,0,0.08,0.08,0,0,0,0,0.08,0,0,0,0
TESTTESTTEST,TEST9962016,test9962016.azureedge.net,4/20/2017 3:00:00 PM,69,69,0,0,0,0,,,,,,69,0,0,0,0,0.08,0.08,0,0,0,0,0.08,0,0,0,0
TESTTESTTEST,TEST9962016,test9962016.azureedge.net,4/20/2017 4:00:00 PM,69,69,0,0,0,0,,,,,,69,0,0,0,0,0.08,0.08,0,0,0,0,0.08,0,0,0,0
TESTTESTTEST,TEST9962016,test9962016.azureedge.net,4/20/2017 5:00:00 PM,68,68,0,0,0,0,,,,,,68,0,0,0,0,0.08,0.08,0,0,0,0,0.08,0,0,0,0
TESTTESTTEST,TEST9962016,test9962016.azureedge.net,4/20/2017 6:00:00 PM,69,69,0,0,0,0,,,,,,69,0,0,0,0,0.08,0.08,0,0,0,0,0.08,0,0,0,0
TESTTESTTEST,TEST9962016,test9962016.azureedge.net,4/20/2017 7:00:00 PM,68,68,0,0,0,0,,,,,,68,0,0,0,0,0.08,0.08,0,0,0,0,0.08,0,0,0,0
TESTTESTTEST,TEST9962016,test9962016.azureedge.net,4/20/2017 8:00:00 PM,68,68,0,0,0,0,,,,,,68,0,0,0,0,0.08,0.08,0,0,0,0,0.08,0,0,0,0
TESTTESTTEST,TEST9962016,test9962016.azureedge.net,4/20/2017 9:00:00 PM,68,68,0,0,0,0,,,,,,68,0,0,0,0,0.08,0.08,0,0,0,0,0.08,0,0,0,0
TESTTESTTEST,TEST9962016,test9962016.azureedge.net,4/20/2017 10:00:00 PM,67,67,0,0,0,0,,,,,,67,0,0,0,0,0.08,0.08,0,0,0,0,0.08,0,0,0,0
TESTTESTTEST,TEST9962016,test9962016.azureedge.net,4/20/2017 11:00:00 PM,17,17,0,0,0,0,,,,,,17,0,0,0,0,0.02,0.02,0,0,0,0,0.02,0,0,0,0
TESTTESTTEST,TEST9962016,test9962016.azureedge.net,4/21/2017 12:00:00 AM,67,67,0,0,0,0,,,,,,67,0,0,0,0,0.08,0.08,0,0,0,0,0.08,0,0,0,0
TESTTESTTEST,TEST9962016,test9962016.azureedge.net,4/21/2017 1:00:00 AM,65,65,0,0,0,0,,,,,,65,0,0,0,0,0.08,0.08,0,0,0,0,0.08,0,0,0,0
TESTTESTTEST,TEST9962016,test9962016.azureedge.net,4/21/2017 2:00:00 AM,67,67,0,0,0,0,,,,,,67,0,0,0,0,0.08,0.08,0,0,0,0,0.08,0,0,0,0
TESTTESTTEST,TEST9962016,test9962016.azureedge.net,4/21/2017 3:00:00 AM,68,68,0,0,0,0,,,,,,68,0,0,0,0,0.08,0.08,0,0,0,0,0.08,0,0,0,0
TESTTESTTEST,TEST9962016,test9962016.azureedge.net,4/21/2017 4:00:00 AM,34,34,0,0,0,0,,,,,,34,0,0,0,0,0.04,0.04,0,0,0,0,0.04,0,0,0,0
TESTTESTTEST,TEST9962016,test9962016.azureedge.net,4/21/2017 5:00:00 AM,51,51,0,0,0,0,,,,,,51,0,0,0,0,0.06,0.06,0,0,0,0,0.06,0,0,0,0
TESTTESTTEST,TEST9962016,test9962016.azureedge.net,4/21/2017 6:00:00 AM,50,50,0,0,0,0,,,,,,50,0,0,0,0,0.06,0.06,0,0,0,0,0.06,0,0,0,0
TESTTESTTEST,TEST9962016,test9962016.azureedge.net,4/21/2017 7:00:00 AM,51,51,0,0,0,0,,,,,,51,0,0,0,0,0.06,0.06,0,0,0,0,0.06,0,0,0,0
TESTTESTTEST,TEST9962016,test9962016.azureedge.net,4/21/2017 8:00:00 AM,68,68,0,0,0,0,,,,,,68,0,0,0,0,0.08,0.08,0,0,0,0,0.08,0,0,0,0
TESTTESTTEST,TEST9962016,test9962016.azureedge.net,4/21/2017 9:00:00 AM,51,51,0,0,0,0,,,,,,51,0,0,0,0,0.06,0.06,0,0,0,0,0.06,0,0,0,0
TESTTESTTEST,TEST9962016,test9962016.azureedge.net,4/21/2017 10:00:00 AM,68,68,0,0,0,0,,,,,,68,0,0,0,0,0.08,0.08,0,0,0,0,0.08,0,0,0,0
TESTTESTTEST,TEST9962016,test9962016.azureedge.net,4/21/2017 11:00:00 AM,69,69,0,0,0,0,,,,,,69,0,0,0,0,0.08,0.08,0,0,0,0,0.08,0,0,0,0
TESTTESTTEST,TEST9962016,test9962016.azureedge.net,4/21/2017 12:00:00 PM,69,69,0,0,0,0,,,,,,69,0,0,0,0,0.08,0.08,0,0,0,0,0.08,0,0,0,0
TESTTESTTEST,TEST9962016,test9962016.azureedge.net,4/21/2017 1:00:00 PM,69,69,0,0,0,0,,,,,,69,0,0,0,0,0.08,0.08,0,0,0,0,0.08,0,0,0,0
TESTTESTTEST,TEST9962016,test9962016.azureedge.net,4/21/2017 2:00:00 PM,69,69,0,0,0,0,,,,,,69,0,0,0,0,0.08,0.08,0,0,0,0,0.08,0,0,0,0
TESTTESTTEST,TEST9962016,test9962016.azureedge.net,4/21/2017 3:00:00 PM,69,69,0,0,0,0,,,,,,69,0,0,0,0,0.08,0.08,0,0,0,0,0.08,0,0,0,0
TESTTESTTEST,TEST9962016,test9962016.azureedge.net,4/21/2017 4:00:00 PM,69,69,0,0,0,0,,,,,,69,0,0,0,0,0.08,0.08,0,0,0,0,0.08,0,0,0,0
TESTTESTTEST,TEST9962016,test9962016.azureedge.net,4/21/2017 5:00:00 PM,69,69,0,0,0,0,,,,,,69,0,0,0,0,0.08,0.08,0,0,0,0,0.08,0,0,0,0
TESTTESTTEST,TEST9962016,test9962016.azureedge.net,4/21/2017 6:00:00 PM,69,69,0,0,0,0,,,,,,69,0,0,0,0,0.08,0.08,0,0,0,0,0.08,0,0,0,0
TESTTESTTEST,TEST9962016,test9962016.azureedge.net,4/21/2017 7:00:00 PM,69,69,0,0,0,0,,,,,,69,0,0,0,0,0.08,0.08,0,0,0,0,0.08,0,0,0,0
TESTTESTTEST,TEST9962016,test9962016.azureedge.net,4/21/2017 8:00:00 PM,68,68,0,0,0,0,,,,,,68,0,0,0,0,0.08,0.08,0,0,0,0,0.08,0,0,0,0
TESTTESTTEST,TEST9962016,test9962016.azureedge.net,4/21/2017 9:00:00 PM,69,69,0,0,0,0,,,,,,69,0,0,0,0,0.08,0.08,0,0,0,0,0.08,0,0,0,0
TESTTESTTEST,TEST9962016,test9962016.azureedge.net,4/21/2017 10:00:00 PM,68,68,0,0,0,0,,,,,,68,0,0,0,0,0.08,0.08,0,0,0,0,0.08,0,0,0,0
TESTTESTTEST,TEST9962016,test9962016.azureedge.net,4/21/2017 11:00:00 PM,69,69,0,0,0,0,,,,,,69,0,0,0,0,0.08,0.08,0,0,0,0,0.08,0,0,0,0
TESTTESTTEST,TEST9962016,test9962016.azureedge.net,4/22/2017 12:00:00 AM,69,69,0,0,0,0,,,,,,69,0,0,0,0,0.08,0.08,0,0,0,0,0.08,0,0,0,0
TESTTESTTEST,TEST9962016,test9962016.azureedge.net,4/22/2017 1:00:00 AM,17,17,0,0,0,0,,,,,,17,0,0,0,0,0.02,0.02,0,0,0,0,0.02,0,0,0,0
TESTTESTTEST,TEST9962016,test9962016.azureedge.net,4/22/2017 2:00:00 AM,69,69,0,0,0,0,,,,,,69,0,0,0,0,0.08,0.08,0,0,0,0,0.08,0,0,0,0
TESTTESTTEST,TEST9962016,test9962016.azureedge.net,4/22/2017 3:00:00 AM,67,67,0,0,0,0,,,,,,67,0,0,0,0,0.08,0.08,0,0,0,0,0.08,0,0,0,0
TESTTESTTEST,TEST9962016,test9962016.azureedge.net,4/22/2017 4:00:00 AM,34,34,0,0,0,0,,,,,,34,0,0,0,0,0.04,0.04,0,0,0,0,0.04,0,0,0,0
TESTTESTTEST,TEST9962016,test9962016.azureedge.net,4/22/2017 5:00:00 AM,34,34,0,0,0,0,,,,,,34,0,0,0,0,0.04,0.04,0,0,0,0,0.04,0,0,0,0
TESTTESTTEST,TEST9962016,test9962016.azureedge.net,4/22/2017 6:00:00 AM,50,50,0,0,0,0,,,,,,50,0,0,0,0,0.06,0.06,0,0,0,0,0.06,0,0,0,0
TESTTESTTEST,TEST9962016,test9962016.azureedge.net,4/22/2017 7:00:00 AM,52,52,0,0,0,0,,,,,,52,0,0,0,0,0.06,0.06,0,0,0,0,0.06,0,0,0,0
TESTTESTTEST,TEST9962016,test9962016.azureedge.net,4/22/2017 8:00:00 AM,51,51,0,0,0,0,,,,,,51,0,0,0,0,0.06,0.06,0,0,0,0,0.06,0,0,0,0
TESTTESTTEST,TEST9962016,test9962016.azureedge.net,4/22/2017 9:00:00 AM,69,69,0,0,0,0,,,,,,69,0,0,0,0,0.08,0.08,0,0,0,0,0.08,0,0,0,0
TESTTESTTEST,TEST9962016,test9962016.azureedge.net,4/22/2017 10:00:00 AM,69,69,0,0,0,0,,,,,,69,0,0,0,0,0.08,0.08,0,0,0,0,0.08,0,0,0,0
TESTTESTTEST,TEST9962016,test9962016.azureedge.net,4/22/2017 11:00:00 AM,69,69,0,0,0,0,,,,,,69,0,0,0,0,0.08,0.08,0,0,0,0,0.08,0,0,0,0
TESTTESTTEST,TEST9962016,test9962016.azureedge.net,4/22/2017 12:00:00 PM,62,62,0,0,0,0,,,,,,62,0,0,0,0,0.07,0.07,0,0,0,0,0.07,0,0,0,0
TESTTESTTEST,TEST9962016,test9962016.azureedge.net,4/22/2017 1:00:00 PM,65,65,0,0,0,0,,,,,,65,0,0,0,0,0.08,0.08,0,0,0,0,0.08,0,0,0,0
TESTTESTTEST,TEST9962016,test9962016.azureedge.net,4/22/2017 2:00:00 PM,65,65,0,0,0,0,,,,,,65,0,0,0,0,0.08,0.08,0,0,0,0,0.08,0,0,0,0
TESTTESTTEST,TEST9962016,test9962016.azureedge.net,4/22/2017 3:00:00 PM,60,60,0,0,0,0,,,,,,60,0,0,0,0,0.07,0.07,0,0,0,0,0.07,0,0,0,0
TESTTESTTEST,TEST9962016,test9962016.azureedge.net,4/22/2017 4:00:00 PM,66,66,0,0,0,0,,,,,,66,0,0,0,0,0.08,0.08,0,0,0,0,0.08,0,0,0,0
TESTTESTTEST,TEST9962016,test9962016.azureedge.net,4/22/2017 5:00:00 PM,63,63,0,0,0,0,,,,,,63,0,0,0,0,0.07,0.07,0,0,0,0,0.07,0,0,0,0
TESTTESTTEST,TEST9962016,test9962016.azureedge.net,4/22/2017 6:00:00 PM,68,68,0,0,0,0,,,,,,68,0,0,0,0,0.08,0.08,0,0,0,0,0.08,0,0,0,0
TESTTESTTEST,TEST9962016,test9962016.azureedge.net,4/22/2017 7:00:00 PM,62,62,0,0,0,0,,,,,,62,0,0,0,0,0.07,0.07,0,0,0,0,0.07,0,0,0,0
TESTTESTTEST,TEST9962016,test9962016.azureedge.net,4/22/2017 8:00:00 PM,59,59,0,0,0,0,,,,,,59,0,0,0,0,0.07,0.07,0,0,0,0,0.07,0,0,0,0
TESTTESTTEST,TEST9962016,test9962016.azureedge.net,4/22/2017 9:00:00 PM,64,64,0,0,0,0,,,,,,64,0,0,0,0,0.07,0.07,0,0,0,0,0.07,0,0,0,0
TESTTESTTEST,TEST9962016,test9962016.azureedge.net,4/22/2017 10:00:00 PM,65,65,0,0,0,0,,,,,,65,0,0,0,0,0.08,0.08,0,0,0,0,0.08,0,0,0,0
TESTTESTTEST,TEST9962016,test9962016.azureedge.net,4/22/2017 11:00:00 PM,66,66,0,0,0,0,,,,,,66,0,0,0,0,0.08,0.08,0,0,0,0,0.08,0,0,0,0
TESTTESTTEST,TEST9962016,test9962016.azureedge.net,4/23/2017 12:00:00 AM,66,66,0,0,0,0,,,,,,66,0,0,0,0,0.08,0.08,0,0,0,0,0.08,0,0,0,0
TESTTESTTEST,TEST9962016,test9962016.azureedge.net,4/23/2017 1:00:00 AM,64,64,0,0,0,0,,,,,,64,0,0,0,0,0.07,0.07,0,0,0,0,0.07,0,0,0,0
TESTTESTTEST,TEST9962016,test9962016.azureedge.net,4/23/2017 2:00:00 AM,64,64,0,0,0,0,,,,,,64,0,0,0,0,0.07,0.07,0,0,0,0,0.07,0,0,0,0
TESTTESTTEST,TEST9962016,test9962016.azureedge.net,4/23/2017 3:00:00 AM,53,53,0,0,0,0,,,,,,53,0,0,0,0,0.06,0.06,0,0,0,0,0.06,0,0,0,0
TESTTESTTEST,TEST9962016,test9962016.azureedge.net,4/23/2017 4:00:00 AM,33,33,0,0,0,0,,,,,,33,0,0,0,0,0.04,0.04,0,0,0,0,0.04,0,0,0,0
TESTTESTTEST,TEST9962016,test9962016.azureedge.net,4/23/2017 5:00:00 AM,49,49,0,0,0,0,,,,,,49,0,0,0,0,0.06,0.06,0,0,0,0,0.06,0,0,0,0
TESTTESTTEST,TEST9962016,test9962016.azureedge.net,4/23/2017 6:00:00 AM,49,49,0,0,0,0,,,,,,49,0,0,0,0,0.06,0.06,0,0,0,0,0.06,0,0,0,0
TESTTESTTEST,TEST9962016,test9962016.azureedge.net,4/23/2017 7:00:00 AM,50,50,0,0,0,0,,,,,,50,0,0,0,0,0.06,0.06,0,0,0,0,0.06,0,0,0,0
TESTTESTTEST,TEST9962016,test9962016.azureedge.net,4/23/2017 8:00:00 AM,49,49,0,0,0,0,,,,,,49,0,0,0,0,0.06,0.06,0,0,0,0,0.06,0,0,0,0
TESTTESTTEST,TEST9962016,test9962016.azureedge.net,4/23/2017 9:00:00 AM,49,49,0,0,0,0,,,,,,49,0,0,0,0,0.06,0.06,0,0,0,0,0.06,0,0,0,0
TESTTESTTEST,TEST9962016,test9962016.azureedge.net,4/23/2017 10:00:00 AM,46,46,0,0,0,0,,,,,,46,0,0,0,0,0.05,0.05,0,0,0,0,0.05,0,0,0,0
TESTTESTTEST,TEST9962016,test9962016.azureedge.net,4/23/2017 11:00:00 AM,67,67,0,0,0,0,,,,,,67,0,0,0,0,0.08,0.08,0,0,0,0,0.08,0,0,0,0
TESTTESTTEST,TEST9962016,test9962016.azureedge.net,4/23/2017 12:00:00 PM,67,67,0,0,0,0,,,,,,67,0,0,0,0,0.08,0.08,0,0,0,0,0.08,0,0,0,0
TESTTESTTEST,TEST9962016,test9962016.azureedge.net,4/23/2017 1:00:00 PM,66,66,0,0,0,0,,,,,,66,0,0,0,0,0.08,0.08,0,0,0,0,0.08,0,0,0,0
TESTTESTTEST,TEST9962016,test9962016.azureedge.net,4/23/2017 2:00:00 PM,67,67,0,0,0,0,,,,,,67,0,0,0,0,0.08,0.08,0,0,0,0,0.08,0,0,0,0
TESTTESTTEST,TEST9962016,test9962016.azureedge.net,4/23/2017 3:00:00 PM,66,66,0,0,0,0,,,,,,66,0,0,0,0,0.08,0.08,0,0,0,0,0.08,0,0,0,0
TESTTESTTEST,TEST9962016,test9962016.azureedge.net,4/23/2017 4:00:00 PM,33,33,0,0,0,0,,,,,,33,0,0,0,0,0.04,0.04,0,0,0,0,0.04,0,0,0,0
TESTTESTTEST,TEST9962016,test9962016.azureedge.net,4/23/2017 5:00:00 PM,67,67,0,0,0,0,,,,,,67,0,0,0,0,0.08,0.08,0,0,0,0,0.08,0,0,0,0
TESTTESTTEST,TEST9962016,test9962016.azureedge.net,4/23/2017 6:00:00 PM,66,66,0,0,0,0,,,,,,66,0,0,0,0,0.08,0.08,0,0,0,0,0.08,0,0,0,0
TESTTESTTEST,TEST9962016,test9962016.azureedge.net,4/23/2017 7:00:00 PM,67,67,0,0,0,0,,,,,,67,0,0,0,0,0.08,0.08,0,0,0,0,0.08,0,0,0,0
TESTTESTTEST,TEST9962016,test9962016.azureedge.net,4/23/2017 8:00:00 PM,66,66,0,0,0,0,,,,,,66,0,0,0,0,0.08,0.08,0,0,0,0,0.08,0,0,0,0
TESTTESTTEST,TEST9962016,test9962016.azureedge.net,4/23/2017 9:00:00 PM,67,67,0,0,0,0,,,,,,67,0,0,0,0,0.08,0.08,0,0,0,0,0.08,0,0,0,0
TESTTESTTEST,TEST9962016,test9962016.azureedge.net,4/23/2017 10:00:00 PM,65,65,0,0,0,0,,,,,,65,0,0,0,0,0.08,0.08,0,0,0,0,0.08,0,0,0,0
TESTTESTTEST,TEST9962016,test9962016.azureedge.net,4/23/2017 11:00:00 PM,66,66,0,0,0,0,,,,,,66,0,0,0,0,0.08,0.08,0,0,0,0,0.08,0,0,0,0
TESTTESTTEST,TEST9962016,test9962016.azureedge.net,4/24/2017 12:00:00 AM,66,66,0,0,0,0,,,,,,66,0,0,0,0,0.08,0.08,0,0,0,0,0.08,0,0,0,0
TESTTESTTEST,TEST9962016,test9962016.azureedge.net,4/24/2017 1:00:00 AM,65,65,0,0,0,0,,,,,,65,0,0,0,0,0.08,0.08,0,0,0,0,0.08,0,0,0,0
TESTTESTTEST,TEST9962016,test9962016.azureedge.net,4/24/2017 2:00:00 AM,65,65,0,0,0,0,,,,,,65,0,0,0,0,0.08,0.08,0,0,0,0,0.08,0,0,0,0
TESTTESTTEST,TEST9962016,test9962016.azureedge.net,4/24/2017 3:00:00 AM,49,49,0,0,0,0,,,,,,49,0,0,0,0,0.06,0.06,0,0,0,0,0.06,0,0,0,0
TESTTESTTEST,TEST9962016,test9962016.azureedge.net,4/24/2017 4:00:00 AM,32,32,0,0,0,0,,,,,,32,0,0,0,0,0.04,0.04,0,0,0,0,0.04,0,0,0,0
TESTTESTTEST,TEST9962016,test9962016.azureedge.net,4/24/2017 5:00:00 AM,33,33,0,0,0,0,,,,,,31,2,0,0,0,0.04,0.04,0,0,0,0,0.04,0,0,0,0
TESTTESTTEST,TEST9962016,test9962016.azureedge.net,4/24/2017 6:00:00 AM,50,50,0,0,0,0,,,,,,50,0,0,0,0,0.06,0.06,0,0,0,0,0.06,0,0,0,0
TESTTESTTEST,TEST9962016,test9962016.azureedge.net,4/24/2017 7:00:00 AM,34,34,0,0,0,0,,,,,,34,0,0,0,0,0.04,0.04,0,0,0,0,0.04,0,0,0,0
TESTTESTTEST,TEST9962016,test9962016.azureedge.net,4/24/2017 8:00:00 AM,65,65,0,0,0,0,,,,,,65,0,0,0,0,0.08,0.08,0,0,0,0,0.08,0,0,0,0
TESTTESTTEST,TEST9962016,test9962016.azureedge.net,4/24/2017 9:00:00 AM,66,66,0,0,0,0,,,,,,66,0,0,0,0,0.08,0.08,0,0,0,0,0.08,0,0,0,0
TESTTESTTEST,TEST9962016,test9962016.azureedge.net,4/24/2017 10:00:00 AM,67,67,0,0,0,0,,,,,,67,0,0,0,0,0.08,0.08,0,0,0,0,0.08,0,0,0,0
TESTTESTTEST,TEST9962016,test9962016.azureedge.net,4/24/2017 11:00:00 AM,66,66,0,0,0,0,,,,,,66,0,0,0,0,0.08,0.08,0,0,0,0,0.08,0,0,0,0
TESTTESTTEST,TEST9962016,test9962016.azureedge.net,4/24/2017 12:00:00 PM,67,67,0,0,0,0,,,,,,67,0,0,0,0,0.08,0.08,0,0,0,0,0.08,0,0,0,0
TESTTESTTEST,TEST9962016,test9962016.azureedge.net,4/24/2017 1:00:00 PM,66,66,0,0,0,0,,,,,,66,0,0,0,0,0.08,0.08,0,0,0,0,0.08,0,0,0,0
TESTTESTTEST,TEST9962016,test9962016.azureedge.net,4/24/2017 2:00:00 PM,66,66,0,0,0,0,,,,,,66,0,0,0,0,0.08,0.08,0,0,0,0,0.08,0,0,0,0
TESTTESTTEST,TEST9962016,test9962016.azureedge.net,4/24/2017 3:00:00 PM,67,67,0,0,0,0,,,,,,67,0,0,0,0,0.08,0.08,0,0,0,0,0.08,0,0,0,0
TESTTESTTEST,TEST9962016,test9962016.azureedge.net,4/24/2017 4:00:00 PM,67,67,0,0,0,0,,,,,,67,0,0,0,0,0.08,0.08,0,0,0,0,0.08,0,0,0,0
TESTTESTTEST,TEST9962016,test9962016.azureedge.net,4/24/2017 5:00:00 PM,70,70,0,0,0,0,,,,,,70,0,0,0,0,0.08,0.08,0,0,0,0,0.08,0,0,0,0
TESTTESTTEST,TEST9962016,test9962016.azureedge.net,4/24/2017 6:00:00 PM,69,69,0,0,0,0,,,,,,69,0,0,0,0,0.08,0.08,0,0,0,0,0.08,0,0,0,0
TESTTESTTEST,TEST9962016,test9962016.azureedge.net,4/24/2017 7:00:00 PM,68,68,0,0,0,0,,,,,,68,0,0,0,0,0.08,0.08,0,0,0,0,0.08,0,0,0,0
TESTTESTTEST,TEST9962016,test9962016.azureedge.net,4/24/2017 8:00:00 PM,69,69,0,0,0,0,,,,,,69,0,0,0,0,0.08,0.08,0,0,0,0,0.08,0,0,0,0
TESTTESTTEST,TEST9962016,test9962016.azureedge.net,4/24/2017 9:00:00 PM,68,68,0,0,0,0,,,,,,68,0,0,0,0,0.08,0.08,0,0,0,0,0.08,0,0,0,0
TESTTESTTEST,TEST9962016,test9962016.azureedge.net,4/24/2017 10:00:00 PM,69,69,0,0,0,0,,,,,,69,0,0,0,0,0.08,0.08,0,0,0,0,0.08,0,0,0,0
TESTTESTTEST,TEST9962016,test9962016.azureedge.net,4/24/2017 11:00:00 PM,69,69,0,0,0,0,,,,,,69,0,0,0,0,0.08,0.08,0,0,0,0,0.08,0,0,0,0
TESTTESTTEST,TEST9962016,test9962016.azureedge.net,4/25/2017 12:00:00 AM,70,70,0,0,0,0,,,,,,70,0,0,0,0,0.08,0.08,0,0,0,0,0.08,0,0,0,0
TESTTESTTEST,TEST9962016,test9962016.azureedge.net,4/25/2017 1:00:00 AM,70,70,0,0,0,0,,,,,,70,0,0,0,0,0.08,0.08,0,0,0,0,0.08,0,0,0,0
TESTTESTTEST,TEST9962016,test9962016.azureedge.net,4/25/2017 2:00:00 AM,71,71,0,0,0,0,,,,,,71,0,0,0,0,0.08,0.08,0,0,0,0,0.08,0,0,0,0
TESTTESTTEST,TEST9962016,test9962016.azureedge.net,4/25/2017 3:00:00 AM,16,16,0,0,0,0,,,,,,16,0,0,0,0,0.02,0.02,0,0,0,0,0.02,0,0,0,0
TESTTESTTEST,TEST9962016,test9962016.azureedge.net,4/25/2017 4:00:00 AM,34,34,0,0,0,0,,,,,,34,0,0,0,0,0.04,0.04,0,0,0,0,0.04,0,0,0,0
TESTTESTTEST,TEST9962016,test9962016.azureedge.net,4/25/2017 5:00:00 AM,34,34,0,0,0,0,,,,,,34,0,0,0,0,0.04,0.04,0,0,0,0,0.04,0,0,0,0
TESTTESTTEST,TEST9962016,test9962016.azureedge.net,4/25/2017 6:00:00 AM,34,34,0,0,0,0,,,,,,34,0,0,0,0,0.04,0.04,0,0,0,0,0.04,0,0,0,0
TESTTESTTEST,TEST9962016,test9962016.azureedge.net,4/25/2017 7:00:00 AM,52,52,0,0,0,0,,,,,,52,0,0,0,0,0.06,0.06,0,0,0,0,0.06,0,0,0,0
TESTTESTTEST,TEST9962016,test9962016.azureedge.net,4/25/2017 8:00:00 AM,51,51,0,0,0,0,,,,,,51,0,0,0,0,0.06,0.06,0,0,0,0,0.06,0,0,0,0
TESTTESTTEST,TEST9962016,test9962016.azureedge.net,4/25/2017 9:00:00 AM,69,69,0,0,0,0,,,,,,69,0,0,0,0,0.08,0.08,0,0,0,0,0.08,0,0,0,0
TESTTESTTEST,TEST9962016,test9962016.azureedge.net,4/25/2017 10:00:00 AM,71,71,0,0,0,0,,,,,,71,0,0,0,0,0.08,0.08,0,0,0,0,0.08,0,0,0,0
TESTTESTTEST,TEST9962016,test9962016.azureedge.net,4/25/2017 11:00:00 AM,70,70,0,0,0,0,,,,,,70,0,0,0,0,0.08,0.08,0,0,0,0,0.08,0,0,0,0
TESTTESTTEST,TEST9962016,test9962016.azureedge.net,4/25/2017 12:00:00 PM,71,71,0,0,0,0,,,,,,71,0,0,0,0,0.08,0.08,0,0,0,0,0.08,0,0,0,0
TESTTESTTEST,TEST9962016,test9962016.azureedge.net,4/25/2017 1:00:00 PM,70,70,0,0,0,0,,,,,,70,0,0,0,0,0.08,0.08,0,0,0,0,0.08,0,0,0,0
TESTTESTTEST,TEST9962016,test9962016.azureedge.net,4/25/2017 2:00:00 PM,71,71,0,0,0,0,,,,,,71,0,0,0,0,0.08,0.08,0,0,0,0,0.08,0,0,0,0
TESTTESTTEST,TEST9962016,test9962016.azureedge.net,4/25/2017 3:00:00 PM,70,70,0,0,0,0,,,,,,70,0,0,0,0,0.08,0.08,0,0,0,0,0.08,0,0,0,0
TESTTESTTEST,TEST9962016,test9962016.azureedge.net,4/25/2017 5:00:00 PM,68,68,0,0,0,0,,,,,,68,0,0,0,0,0.08,0.08,0,0,0,0,0.08,0,0,0,0
TESTTESTTEST,TEST9962016,test9962016.azureedge.net,4/25/2017 6:00:00 PM,18,18,0,0,0,0,,,,,,18,0,0,0,0,0.02,0.02,0,0,0,0,0.02,0,0,0,0
TESTTESTTEST,TEST9962016,test9962016.azureedge.net,4/25/2017 7:00:00 PM,68,68,0,0,0,0,,,,,,68,0,0,0,0,0.08,0.08,0,0,0,0,0.08,0,0,0,0
TESTTESTTEST,TEST9962016,test9962016.azureedge.net,4/25/2017 8:00:00 PM,72,72,0,0,0,0,,,,,,72,0,0,0,0,0.08,0.08,0,0,0,0,0.08,0,0,0,0
TESTTESTTEST,TEST9962016,test9962016.azureedge.net,4/25/2017 9:00:00 PM,18,18,0,0,0,0,,,,,,18,0,0,0,0,0.02,0.02,0,0,0,0,0.02,0,0,0,0
TESTTESTTEST,TEST9962016,test9962016.azureedge.net,4/25/2017 10:00:00 PM,71,71,0,0,0,0,,,,,,71,0,0,0,0,0.08,0.08,0,0,0,0,0.08,0,0,0,0
TESTTESTTEST,TEST9962016,test9962016.azureedge.net,4/25/2017 11:00:00 PM,70,70,0,0,0,0,,,,,,70,0,0,0,0,0.08,0.08,0,0,0,0,0.08,0,0,0,0
TESTTESTTEST,TEST9962016,test9962016.azureedge.net,4/26/2017 12:00:00 AM,72,72,0,0,0,0,,,,,,72,0,0,0,0,0.08,0.08,0,0,0,0,0.08,0,0,0,0
TESTTESTTEST,TEST9962016,test9962016.azureedge.net,4/26/2017 1:00:00 AM,70,70,0,0,0,0,,,,,,70,0,0,0,0,0.08,0.08,0,0,0,0,0.08,0,0,0,0
